id,code,name
1,CAT0001,Category 1
2,CAT0002,Category 2
3,CAT0003,Category 3
4,CAT0004,Category 4
5,CAT0005,Category 5
6,CAT0006,Category 6
7,CAT0007,Category 7
8,CAT0008,Category 8
9,CAT0009,Category 9
10,CAT0010,Category 10
11,CAT0011,Category 11
12,CAT0012,Category 12
13,CAT0013,Category 13
14,CAT0014,Category 14
15,CAT0015,Category 15
16,CAT0016,Category 16
17,CAT0017,Category 17
18,CAT0018,Category 18
19,CAT0019,Category 19
20,CAT0020,Category 20
21,CAT0021,Category 21
22,CAT0022,Category 22
23,CAT0023,Category 23
24,CAT0024,Category 24
25,CAT0025,Category 25
26,CAT0026,Category 26
27,CAT0027,Category 27
28,CAT0028,Category 28
29,CAT0029,Category 29
30,CAT0030,Category 30
31,CAT0031,Category 31
32,CAT0032,Category 32
33,CAT0033,Category 33
34,CAT0034,Category 34
35,CAT0035,Category 35
36,CAT0036,Category 36
37,CAT0037,Category 37
38,CAT0038,Category 38
39,CAT0039,Category 39
40,CAT0040,Category 40
41,CAT0041,Category 41
42,CAT0042,Category 42
43,CAT0043,Category 43
44,CAT0044,Category 44
45,CAT0045,Category 45
46,CAT0046,Category 46
47,CAT0047,Category 47
48,CAT0048,Category 48
49,CAT0049,Category 49
50,CAT0050,Category 50
51,CAT0051,Category 51
52,CAT0052,Category 52
53,CAT0053,Category 53
54,CAT0054,Category 54
55,CAT0055,Category 55
56,CAT0056,Category 56
57,CAT0057,Category 57
58,CAT0058,Category 58
59,CAT0059,Category 59
60,CAT0060,Category 60
61,CAT0061,Category 61
62,CAT0062,Category 62
63,CAT0063,Category 63
64,CAT0064,Category 64
65,CAT0065,Category 65
66,CAT0066,Category 66
67,CAT0067,Category 67
68,CAT0068,Category 68
69,CAT0069,Category 69
70,CAT0070,Category 70
71,CAT0071,Category 71
72,CAT0072,Category 72
73,CAT0073,Category 73
74,CAT0074,Category 74
75,CAT0075,Category 75
76,CAT0076,Category 76
77,CAT0077,Category 77
78,CAT0078,Category 78
79,CAT0079,Category 79
80,CAT0080,Category 80
81,CAT0081,Category 81
82,CAT0082,Category 82
83,CAT0083,Category 83
84,CAT0084,Category 84
85,CAT0085,Category 85
86,CAT0086,Category 86
87,CAT0087,Category 87
88,CAT0088,Category 88
89,CAT0089,Category 89
90,CAT0090,Category 90
91,CAT0091,Category 91
92,CAT0092,Category 92
93,CAT0093,Category 93
94,CAT0094,Category 94
95,CAT0095,Category 95
96,CAT0096,Category 96
97,CAT0097,Category 97
98,CAT0098,Category 98
99,CAT0099,Category 99
100,CAT0100,Category 100
101,CAT0101,Category 101
102,CAT0102,Category 102
103,CAT0103,Category 103
104,CAT0104,Category 104
105,CAT0105,Category 105
106,CAT0106,Category 106
107,CAT0107,Category 107
108,CAT0108,Category 108
109,CAT0109,Category 109
110,CAT0110,Category 110
111,CAT0111,Category 111
112,CAT0112,Category 112
113,CAT0113,Category 113
114,CAT0114,Category 114
115,CAT0115,Category 115
116,CAT0116,Category 116
117,CAT0117,Category 117
118,CAT0118,Category 118
119,CAT0119,Category 119
120,CAT0120,Category 120
121,CAT0121,Category 121
122,CAT0122,Category 122
123,CAT0123,Category 123
124,CAT0124,Category 124
125,CAT0125,Category 125
126,CAT0126,Category 126
127,CAT0127,Category 127
128,CAT0128,Category 128
129,CAT0129,Category 129
130,CAT0130,Category 130
131,CAT0131,Category 131
132,CAT0132,Category 132
133,CAT0133,Category 133
134,CAT0134,Category 134
135,CAT0135,Category 135
136,CAT0136,Category 136
137,CAT0137,Category 137
138,CAT0138,Category 138
139,CAT0139,Category 139
140,CAT0140,Category 140
141,CAT0141,Category 141
142,CAT0142,Category 142
143,CAT0143,Category 143
144,CAT0144,Category 144
145,CAT0145,Category 145
146,CAT0146,Category 146
147,CAT0147,Category 147
148,CAT0148,Category 148
149,CAT0149,Category 149
150,CAT0150,Category 150
151,CAT0151,Category 151
152,CAT0152,Category 152
153,CAT0153,Category 153
154,CAT0154,Category 154
155,CAT0155,Category 155
156,CAT0156,Category 156
157,CAT0157,Category 157
158,CAT0158,Category 158
159,CAT0159,Category 159
160,CAT0160,Category 160
161,CAT0161,Category 161
162,CAT0162,Category 162
163,CAT0163,Category 163
164,CAT0164,Category 164
165,CAT0165,Category 165
166,CAT0166,Category 166
167,CAT0167,Category 167
168,CAT0168,Category 168
169,CAT0169,Category 169
170,CAT0170,Category 170
171,CAT0171,Category 171
172,CAT0172,Category 172
173,CAT0173,Category 173
174,CAT0174,Category 174
175,CAT0175,Category 175
176,CAT0176,Category 176
177,CAT0177,Category 177
178,CAT0178,Category 178
179,CAT0179,Category 179
180,CAT0180,Category 180
181,CAT0181,Category 181
182,CAT0182,Category 182
183,CAT0183,Category 183
184,CAT0184,Category 184
185,CAT0185,Category 185
186,CAT0186,Category 186
187,CAT0187,Category 187
188,CAT0188,Category 188
189,CAT0189,Category 189
190,CAT0190,Category 190
191,CAT0191,Category 191
192,CAT0192,Category 192
193,CAT0193,Category 193
194,CAT0194,Category 194
195,CAT0195,Category 195
196,CAT0196,Category 196
197,CAT0197,Category 197
198,CAT0198,Category 198
199,CAT0199,Category 199
200,CAT0200,Category 200
201,CAT0201,Category 201
202,CAT0202,Category 202
203,CAT0203,Category 203
204,CAT0204,Category 204
205,CAT0205,Category 205
206,CAT0206,Category 206
207,CAT0207,Category 207
208,CAT0208,Category 208
209,CAT0209,Category 209
210,CAT0210,Category 210
211,CAT0211,Category 211
212,CAT0212,Category 212
213,CAT0213,Category 213
214,CAT0214,Category 214
215,CAT0215,Category 215
216,CAT0216,Category 216
217,CAT0217,Category 217
218,CAT0218,Category 218
219,CAT0219,Category 219
220,CAT0220,Category 220
221,CAT0221,Category 221
222,CAT0222,Category 222
223,CAT0223,Category 223
224,CAT0224,Category 224
225,CAT0225,Category 225
226,CAT0226,Category 226
227,CAT0227,Category 227
228,CAT0228,Category 228
229,CAT0229,Category 229
230,CAT0230,Category 230
231,CAT0231,Category 231
232,CAT0232,Category 232
233,CAT0233,Category 233
234,CAT0234,Category 234
235,CAT0235,Category 235
236,CAT0236,Category 236
237,CAT0237,Category 237
238,CAT0238,Category 238
239,CAT0239,Category 239
240,CAT0240,Category 240
241,CAT0241,Category 241
242,CAT0242,Category 242
243,CAT0243,Category 243
244,CAT0244,Category 244
245,CAT0245,Category 245
246,CAT0246,Category 246
247,CAT0247,Category 247
248,CAT0248,Category 248
249,CAT0249,Category 249
250,CAT0250,Category 250
251,CAT0251,Category 251
252,CAT0252,Category 252
253,CAT0253,Category 253
254,CAT0254,Category 254
255,CAT0255,Category 255
256,CAT0256,Category 256
257,CAT0257,Category 257
258,CAT0258,Category 258
259,CAT0259,Category 259
260,CAT0260,Category 260
261,CAT0261,Category 261
262,CAT0262,Category 262
263,CAT0263,Category 263
264,CAT0264,Category 264
265,CAT0265,Category 265
266,CAT0266,Category 266
267,CAT0267,Category 267
268,CAT0268,Category 268
269,CAT0269,Category 269
270,CAT0270,Category 270
271,CAT0271,Category 271
272,CAT0272,Category 272
273,CAT0273,Category 273
274,CAT0274,Category 274
275,CAT0275,Category 275
276,CAT0276,Category 276
277,CAT0277,Category 277
278,CAT0278,Category 278
279,CAT0279,Category 279
280,CAT0280,Category 280
281,CAT0281,Category 281
282,CAT0282,Category 282
283,CAT0283,Category 283
284,CAT0284,Category 284
285,CAT0285,Category 285
286,CAT0286,Category 286
287,CAT0287,Category 287
288,CAT0288,Category 288
289,CAT0289,Category 289
290,CAT0290,Category 290
291,CAT0291,Category 291
292,CAT0292,Category 292
293,CAT0293,Category 293
294,CAT0294,Category 294
295,CAT0295,Category 295
296,CAT0296,Category 296
297,CAT0297,Category 297
298,CAT0298,Category 298
299,CAT0299,Category 299
300,CAT0300,Category 300
301,CAT0301,Category 301
302,CAT0302,Category 302
303,CAT0303,Category 303
304,CAT0304,Category 304
305,CAT0305,Category 305
306,CAT0306,Category 306
307,CAT0307,Category 307
308,CAT0308,Category 308
309,CAT0309,Category 309
310,CAT0310,Category 310
311,CAT0311,Category 311
312,CAT0312,Category 312
313,CAT0313,Category 313
314,CAT0314,Category 314
315,CAT0315,Category 315
316,CAT0316,Category 316
317,CAT0317,Category 317
318,CAT0318,Category 318
319,CAT0319,Category 319
320,CAT0320,Category 320
321,CAT0321,Category 321
322,CAT0322,Category 322
323,CAT0323,Category 323
324,CAT0324,Category 324
325,CAT0325,Category 325
326,CAT0326,Category 326
327,CAT0327,Category 327
328,CAT0328,Category 328
329,CAT0329,Category 329
330,CAT0330,Category 330
331,CAT0331,Category 331
332,CAT0332,Category 332
333,CAT0333,Category 333
334,CAT0334,Category 334
335,CAT0335,Category 335
336,CAT0336,Category 336
337,CAT0337,Category 337
338,CAT0338,Category 338
339,CAT0339,Category 339
340,CAT0340,Category 340
341,CAT0341,Category 341
342,CAT0342,Category 342
343,CAT0343,Category 343
344,CAT0344,Category 344
345,CAT0345,Category 345
346,CAT0346,Category 346
347,CAT0347,Category 347
348,CAT0348,Category 348
349,CAT0349,Category 349
350,CAT0350,Category 350
351,CAT0351,Category 351
352,CAT0352,Category 352
353,CAT0353,Category 353
354,CAT0354,Category 354
355,CAT0355,Category 355
356,CAT0356,Category 356
357,CAT0357,Category 357
358,CAT0358,Category 358
359,CAT0359,Category 359
360,CAT0360,Category 360
361,CAT0361,Category 361
362,CAT0362,Category 362
363,CAT0363,Category 363
364,CAT0364,Category 364
365,CAT0365,Category 365
366,CAT0366,Category 366
367,CAT0367,Category 367
368,CAT0368,Category 368
369,CAT0369,Category 369
370,CAT0370,Category 370
371,CAT0371,Category 371
372,CAT0372,Category 372
373,CAT0373,Category 373
374,CAT0374,Category 374
375,CAT0375,Category 375
376,CAT0376,Category 376
377,CAT0377,Category 377
378,CAT0378,Category 378
379,CAT0379,Category 379
380,CAT0380,Category 380
381,CAT0381,Category 381
382,CAT0382,Category 382
383,CAT0383,Category 383
384,CAT0384,Category 384
385,CAT0385,Category 385
386,CAT0386,Category 386
387,CAT0387,Category 387
388,CAT0388,Category 388
389,CAT0389,Category 389
390,CAT0390,Category 390
391,CAT0391,Category 391
392,CAT0392,Category 392
393,CAT0393,Category 393
394,CAT0394,Category 394
395,CAT0395,Category 395
396,CAT0396,Category 396
397,CAT0397,Category 397
398,CAT0398,Category 398
399,CAT0399,Category 399
400,CAT0400,Category 400
401,CAT0401,Category 401
402,CAT0402,Category 402
403,CAT0403,Category 403
404,CAT0404,Category 404
405,CAT0405,Category 405
406,CAT0406,Category 406
407,CAT0407,Category 407
408,CAT0408,Category 408
409,CAT0409,Category 409
410,CAT0410,Category 410
411,CAT0411,Category 411
412,CAT0412,Category 412
413,CAT0413,Category 413
414,CAT0414,Category 414
415,CAT0415,Category 415
416,CAT0416,Category 416
417,CAT0417,Category 417
418,CAT0418,Category 418
419,CAT0419,Category 419
420,CAT0420,Category 420
421,CAT0421,Category 421
422,CAT0422,Category 422
423,CAT0423,Category 423
424,CAT0424,Category 424
425,CAT0425,Category 425
426,CAT0426,Category 426
427,CAT0427,Category 427
428,CAT0428,Category 428
429,CAT0429,Category 429
430,CAT0430,Category 430
431,CAT0431,Category 431
432,CAT0432,Category 432
433,CAT0433,Category 433
434,CAT0434,Category 434
435,CAT0435,Category 435
436,CAT0436,Category 436
437,CAT0437,Category 437
438,CAT0438,Category 438
439,CAT0439,Category 439
440,CAT0440,Category 440
441,CAT0441,Category 441
442,CAT0442,Category 442
443,CAT0443,Category 443
444,CAT0444,Category 444
445,CAT0445,Category 445
446,CAT0446,Category 446
447,CAT0447,Category 447
448,CAT0448,Category 448
449,CAT0449,Category 449
450,CAT0450,Category 450
451,CAT0451,Category 451
452,CAT0452,Category 452
453,CAT0453,Category 453
454,CAT0454,Category 454
455,CAT0455,Category 455
456,CAT0456,Category 456
457,CAT0457,Category 457
458,CAT0458,Category 458
459,CAT0459,Category 459
460,CAT0460,Category 460
461,CAT0461,Category 461
462,CAT0462,Category 462
463,CAT0463,Category 463
464,CAT0464,Category 464
465,CAT0465,Category 465
466,CAT0466,Category 466
467,CAT0467,Category 467
468,CAT0468,Category 468
469,CAT0469,Category 469
470,CAT0470,Category 470
471,CAT0471,Category 471
472,CAT0472,Category 472
473,CAT0473,Category 473
474,CAT0474,Category 474
475,CAT0475,Category 475
476,CAT0476,Category 476
477,CAT0477,Category 477
478,CAT0478,Category 478
479,CAT0479,Category 479
480,CAT0480,Category 480
481,CAT0481,Category 481
482,CAT0482,Category 482
483,CAT0483,Category 483
484,CAT0484,Category 484
485,CAT0485,Category 485
486,CAT0486,Category 486
487,CAT0487,Category 487
488,CAT0488,Category 488
489,CAT0489,Category 489
490,CAT0490,Category 490
491,CAT0491,Category 491
492,CAT0492,Category 492
493,CAT0493,Category 493
494,CAT0494,Category 494
495,CAT0495,Category 495
496,CAT0496,Category 496
497,CAT0497,Category 497
498,CAT0498,Category 498
499,CAT0499,Category 499
500,CAT0500,Category 500
501,CAT0501,Category 501
502,CAT0502,Category 502
503,CAT0503,Category 503
504,CAT0504,Category 504
505,CAT0505,Category 505
506,CAT0506,Category 506
507,CAT0507,Category 507
508,CAT0508,Category 508
509,CAT0509,Category 509
510,CAT0510,Category 510
511,CAT0511,Category 511
512,CAT0512,Category 512
513,CAT0513,Category 513
514,CAT0514,Category 514
515,CAT0515,Category 515
516,CAT0516,Category 516
517,CAT0517,Category 517
518,CAT0518,Category 518
519,CAT0519,Category 519
520,CAT0520,Category 520
521,CAT0521,Category 521
522,CAT0522,Category 522
523,CAT0523,Category 523
524,CAT0524,Category 524
525,CAT0525,Category 525
526,CAT0526,Category 526
527,CAT0527,Category 527
528,CAT0528,Category 528
529,CAT0529,Category 529
530,CAT0530,Category 530
531,CAT0531,Category 531
532,CAT0532,Category 532
533,CAT0533,Category 533
534,CAT0534,Category 534
535,CAT0535,Category 535
536,CAT0536,Category 536
537,CAT0537,Category 537
538,CAT0538,Category 538
539,CAT0539,Category 539
540,CAT0540,Category 540
541,CAT0541,Category 541
542,CAT0542,Category 542
543,CAT0543,Category 543
544,CAT0544,Category 544
545,CAT0545,Category 545
546,CAT0546,Category 546
547,CAT0547,Category 547
548,CAT0548,Category 548
549,CAT0549,Category 549
550,CAT0550,Category 550
551,CAT0551,Category 551
552,CAT0552,Category 552
553,CAT0553,Category 553
554,CAT0554,Category 554
555,CAT0555,Category 555
556,CAT0556,Category 556
557,CAT0557,Category 557
558,CAT0558,Category 558
559,CAT0559,Category 559
560,CAT0560,Category 560
561,CAT0561,Category 561
562,CAT0562,Category 562
563,CAT0563,Category 563
564,CAT0564,Category 564
565,CAT0565,Category 565
566,CAT0566,Category 566
567,CAT0567,Category 567
568,CAT0568,Category 568
569,CAT0569,Category 569
570,CAT0570,Category 570
571,CAT0571,Category 571
572,CAT0572,Category 572
573,CAT0573,Category 573
574,CAT0574,Category 574
575,CAT0575,Category 575
576,CAT0576,Category 576
577,CAT0577,Category 577
578,CAT0578,Category 578
579,CAT0579,Category 579
580,CAT0580,Category 580
581,CAT0581,Category 581
582,CAT0582,Category 582
583,CAT0583,Category 583
584,CAT0584,Category 584
585,CAT0585,Category 585
586,CAT0586,Category 586
587,CAT0587,Category 587
588,CAT0588,Category 588
589,CAT0589,Category 589
590,CAT0590,Category 590
591,CAT0591,Category 591
592,CAT0592,Category 592
593,CAT0593,Category 593
594,CAT0594,Category 594
595,CAT0595,Category 595
596,CAT0596,Category 596
597,CAT0597,Category 597
598,CAT0598,Category 598
599,CAT0599,Category 599
600,CAT0600,Category 600
601,CAT0601,Category 601
602,CAT0602,Category 602
603,CAT0603,Category 603
604,CAT0604,Category 604
605,CAT0605,Category 605
606,CAT0606,Category 606
607,CAT0607,Category 607
608,CAT0608,Category 608
609,CAT0609,Category 609
610,CAT0610,Category 610
611,CAT0611,Category 611
612,CAT0612,Category 612
613,CAT0613,Category 613
614,CAT0614,Category 614
615,CAT0615,Category 615
616,CAT0616,Category 616
617,CAT0617,Category 617
618,CAT0618,Category 618
619,CAT0619,Category 619
620,CAT0620,Category 620
621,CAT0621,Category 621
622,CAT0622,Category 622
623,CAT0623,Category 623
624,CAT0624,Category 624
625,CAT0625,Category 625
626,CAT0626,Category 626
627,CAT0627,Category 627
628,CAT0628,Category 628
629,CAT0629,Category 629
630,CAT0630,Category 630
631,CAT0631,Category 631
632,CAT0632,Category 632
633,CAT0633,Category 633
634,CAT0634,Category 634
635,CAT0635,Category 635
636,CAT0636,Category 636
637,CAT0637,Category 637
638,CAT0638,Category 638
639,CAT0639,Category 639
640,CAT0640,Category 640
641,CAT0641,Category 641
642,CAT0642,Category 642
643,CAT0643,Category 643
644,CAT0644,Category 644
645,CAT0645,Category 645
646,CAT0646,Category 646
647,CAT0647,Category 647
648,CAT0648,Category 648
649,CAT0649,Category 649
650,CAT0650,Category 650
651,CAT0651,Category 651
652,CAT0652,Category 652
653,CAT0653,Category 653
654,CAT0654,Category 654
655,CAT0655,Category 655
656,CAT0656,Category 656
657,CAT0657,Category 657
658,CAT0658,Category 658
659,CAT0659,Category 659
660,CAT0660,Category 660
661,CAT0661,Category 661
662,CAT0662,Category 662
663,CAT0663,Category 663
664,CAT0664,Category 664
665,CAT0665,Category 665
666,CAT0666,Category 666
667,CAT0667,Category 667
668,CAT0668,Category 668
669,CAT0669,Category 669
670,CAT0670,Category 670
671,CAT0671,Category 671
672,CAT0672,Category 672
673,CAT0673,Category 673
674,CAT0674,Category 674
675,CAT0675,Category 675
676,CAT0676,Category 676
677,CAT0677,Category 677
678,CAT0678,Category 678
679,CAT0679,Category 679
680,CAT0680,Category 680
681,CAT0681,Category 681
682,CAT0682,Category 682
683,CAT0683,Category 683
684,CAT0684,Category 684
685,CAT0685,Category 685
686,CAT0686,Category 686
687,CAT0687,Category 687
688,CAT0688,Category 688
689,CAT0689,Category 689
690,CAT0690,Category 690
691,CAT0691,Category 691
692,CAT0692,Category 692
693,CAT0693,Category 693
694,CAT0694,Category 694
695,CAT0695,Category 695
696,CAT0696,Category 696
697,CAT0697,Category 697
698,CAT0698,Category 698
699,CAT0699,Category 699
700,CAT0700,Category 700
701,CAT0701,Category 701
702,CAT0702,Category 702
703,CAT0703,Category 703
704,CAT0704,Category 704
705,CAT0705,Category 705
706,CAT0706,Category 706
707,CAT0707,Category 707
708,CAT0708,Category 708
709,CAT0709,Category 709
710,CAT0710,Category 710
711,CAT0711,Category 711
712,CAT0712,Category 712
713,CAT0713,Category 713
714,CAT0714,Category 714
715,CAT0715,Category 715
716,CAT0716,Category 716
717,CAT0717,Category 717
718,CAT0718,Category 718
719,CAT0719,Category 719
720,CAT0720,Category 720
721,CAT0721,Category 721
722,CAT0722,Category 722
723,CAT0723,Category 723
724,CAT0724,Category 724
725,CAT0725,Category 725
726,CAT0726,Category 726
727,CAT0727,Category 727
728,CAT0728,Category 728
729,CAT0729,Category 729
730,CAT0730,Category 730
731,CAT0731,Category 731
732,CAT0732,Category 732
733,CAT0733,Category 733
734,CAT0734,Category 734
735,CAT0735,Category 735
736,CAT0736,Category 736
737,CAT0737,Category 737
738,CAT0738,Category 738
739,CAT0739,Category 739
740,CAT0740,Category 740
741,CAT0741,Category 741
742,CAT0742,Category 742
743,CAT0743,Category 743
744,CAT0744,Category 744
745,CAT0745,Category 745
746,CAT0746,Category 746
747,CAT0747,Category 747
748,CAT0748,Category 748
749,CAT0749,Category 749
750,CAT0750,Category 750
751,CAT0751,Category 751
752,CAT0752,Category 752
753,CAT0753,Category 753
754,CAT0754,Category 754
755,CAT0755,Category 755
756,CAT0756,Category 756
757,CAT0757,Category 757
758,CAT0758,Category 758
759,CAT0759,Category 759
760,CAT0760,Category 760
761,CAT0761,Category 761
762,CAT0762,Category 762
763,CAT0763,Category 763
764,CAT0764,Category 764
765,CAT0765,Category 765
766,CAT0766,Category 766
767,CAT0767,Category 767
768,CAT0768,Category 768
769,CAT0769,Category 769
770,CAT0770,Category 770
771,CAT0771,Category 771
772,CAT0772,Category 772
773,CAT0773,Category 773
774,CAT0774,Category 774
775,CAT0775,Category 775
776,CAT0776,Category 776
777,CAT0777,Category 777
778,CAT0778,Category 778
779,CAT0779,Category 779
780,CAT0780,Category 780
781,CAT0781,Category 781
782,CAT0782,Category 782
783,CAT0783,Category 783
784,CAT0784,Category 784
785,CAT0785,Category 785
786,CAT0786,Category 786
787,CAT0787,Category 787
788,CAT0788,Category 788
789,CAT0789,Category 789
790,CAT0790,Category 790
791,CAT0791,Category 791
792,CAT0792,Category 792
793,CAT0793,Category 793
794,CAT0794,Category 794
795,CAT0795,Category 795
796,CAT0796,Category 796
797,CAT0797,Category 797
798,CAT0798,Category 798
799,CAT0799,Category 799
800,CAT0800,Category 800
801,CAT0801,Category 801
802,CAT0802,Category 802
803,CAT0803,Category 803
804,CAT0804,Category 804
805,CAT0805,Category 805
806,CAT0806,Category 806
807,CAT0807,Category 807
808,CAT0808,Category 808
809,CAT0809,Category 809
810,CAT0810,Category 810
811,CAT0811,Category 811
812,CAT0812,Category 812
813,CAT0813,Category 813
814,CAT0814,Category 814
815,CAT0815,Category 815
816,CAT0816,Category 816
817,CAT0817,Category 817
818,CAT0818,Category 818
819,CAT0819,Category 819
820,CAT0820,Category 820
821,CAT0821,Category 821
822,CAT0822,Category 822
823,CAT0823,Category 823
824,CAT0824,Category 824
825,CAT0825,Category 825
826,CAT0826,Category 826
827,CAT0827,Category 827
828,CAT0828,Category 828
829,CAT0829,Category 829
830,CAT0830,Category 830
831,CAT0831,Category 831
832,CAT0832,Category 832
833,CAT0833,Category 833
834,CAT0834,Category 834
835,CAT0835,Category 835
836,CAT0836,Category 836
837,CAT0837,Category 837
838,CAT0838,Category 838
839,CAT0839,Category 839
840,CAT0840,Category 840
841,CAT0841,Category 841
842,CAT0842,Category 842
843,CAT0843,Category 843
844,CAT0844,Category 844
845,CAT0845,Category 845
846,CAT0846,Category 846
847,CAT0847,Category 847
848,CAT0848,Category 848
849,CAT0849,Category 849
850,CAT0850,Category 850
851,CAT0851,Category 851
852,CAT0852,Category 852
853,CAT0853,Category 853
854,CAT0854,Category 854
855,CAT0855,Category 855
856,CAT0856,Category 856
857,CAT0857,Category 857
858,CAT0858,Category 858
859,CAT0859,Category 859
860,CAT0860,Category 860
861,CAT0861,Category 861
862,CAT0862,Category 862
863,CAT0863,Category 863
864,CAT0864,Category 864
865,CAT0865,Category 865
866,CAT0866,Category 866
867,CAT0867,Category 867
868,CAT0868,Category 868
869,CAT0869,Category 869
870,CAT0870,Category 870
871,CAT0871,Category 871
872,CAT0872,Category 872
873,CAT0873,Category 873
874,CAT0874,Category 874
875,CAT0875,Category 875
876,CAT0876,Category 876
877,CAT0877,Category 877
878,CAT0878,Category 878
879,CAT0879,Category 879
880,CAT0880,Category 880
881,CAT0881,Category 881
882,CAT0882,Category 882
883,CAT0883,Category 883
884,CAT0884,Category 884
885,CAT0885,Category 885
886,CAT0886,Category 886
887,CAT0887,Category 887
888,CAT0888,Category 888
889,CAT0889,Category 889
890,CAT0890,Category 890
891,CAT0891,Category 891
892,CAT0892,Category 892
893,CAT0893,Category 893
894,CAT0894,Category 894
895,CAT0895,Category 895
896,CAT0896,Category 896
897,CAT0897,Category 897
898,CAT0898,Category 898
899,CAT0899,Category 899
900,CAT0900,Category 900
901,CAT0901,Category 901
902,CAT0902,Category 902
903,CAT0903,Category 903
904,CAT0904,Category 904
905,CAT0905,Category 905
906,CAT0906,Category 906
907,CAT0907,Category 907
908,CAT0908,Category 908
909,CAT0909,Category 909
910,CAT0910,Category 910
911,CAT0911,Category 911
912,CAT0912,Category 912
913,CAT0913,Category 913
914,CAT0914,Category 914
915,CAT0915,Category 915
916,CAT0916,Category 916
917,CAT0917,Category 917
918,CAT0918,Category 918
919,CAT0919,Category 919
920,CAT0920,Category 920
921,CAT0921,Category 921
922,CAT0922,Category 922
923,CAT0923,Category 923
924,CAT0924,Category 924
925,CAT0925,Category 925
926,CAT0926,Category 926
927,CAT0927,Category 927
928,CAT0928,Category 928
929,CAT0929,Category 929
930,CAT0930,Category 930
931,CAT0931,Category 931
932,CAT0932,Category 932
933,CAT0933,Category 933
934,CAT0934,Category 934
935,CAT0935,Category 935
936,CAT0936,Category 936
937,CAT0937,Category 937
938,CAT0938,Category 938
939,CAT0939,Category 939
940,CAT0940,Category 940
941,CAT0941,Category 941
942,CAT0942,Category 942
943,CAT0943,Category 943
944,CAT0944,Category 944
945,CAT0945,Category 945
946,CAT0946,Category 946
947,CAT0947,Category 947
948,CAT0948,Category 948
949,CAT0949,Category 949
950,CAT0950,Category 950
951,CAT0951,Category 951
952,CAT0952,Category 952
953,CAT0953,Category 953
954,CAT0954,Category 954
955,CAT0955,Category 955
956,CAT0956,Category 956
957,CAT0957,Category 957
958,CAT0958,Category 958
959,CAT0959,Category 959
960,CAT0960,Category 960
961,CAT0961,Category 961
962,CAT0962,Category 962
963,CAT0963,Category 963
964,CAT0964,Category 964
965,CAT0965,Category 965
966,CAT0966,Category 966
967,CAT0967,Category 967
968,CAT0968,Category 968
969,CAT0969,Category 969
970,CAT0970,Category 970
971,CAT0971,Category 971
972,CAT0972,Category 972
973,CAT0973,Category 973
974,CAT0974,Category 974
975,CAT0975,Category 975
976,CAT0976,Category 976
977,CAT0977,Category 977
978,CAT0978,Category 978
979,CAT0979,Category 979
980,CAT0980,Category 980
981,CAT0981,Category 981
982,CAT0982,Category 982
983,CAT0983,Category 983
984,CAT0984,Category 984
985,CAT0985,Category 985
986,CAT0986,Category 986
987,CAT0987,Category 987
988,CAT0988,Category 988
989,CAT0989,Category 989
990,CAT0990,Category 990
991,CAT0991,Category 991
992,CAT0992,Category 992
993,CAT0993,Category 993
994,CAT0994,Category 994
995,CAT0995,Category 995
996,CAT0996,Category 996
997,CAT0997,Category 997
998,CAT0998,Category 998
999,CAT0999,Category 999
1000,CAT1000,Category 1000
1001,CAT1001,Category 1001
1002,CAT1002,Category 1002
1003,CAT1003,Category 1003
1004,CAT1004,Category 1004
1005,CAT1005,Category 1005
1006,CAT1006,Category 1006
1007,CAT1007,Category 1007
1008,CAT1008,Category 1008
1009,CAT1009,Category 1009
1010,CAT1010,Category 1010
1011,CAT1011,Category 1011
1012,CAT1012,Category 1012
1013,CAT1013,Category 1013
1014,CAT1014,Category 1014
1015,CAT1015,Category 1015
1016,CAT1016,Category 1016
1017,CAT1017,Category 1017
1018,CAT1018,Category 1018
1019,CAT1019,Category 1019
1020,CAT1020,Category 1020
1021,CAT1021,Category 1021
1022,CAT1022,Category 1022
1023,CAT1023,Category 1023
1024,CAT1024,Category 1024
1025,CAT1025,Category 1025
1026,CAT1026,Category 1026
1027,CAT1027,Category 1027
1028,CAT1028,Category 1028
1029,CAT1029,Category 1029
1030,CAT1030,Category 1030
1031,CAT1031,Category 1031
1032,CAT1032,Category 1032
1033,CAT1033,Category 1033
1034,CAT1034,Category 1034
1035,CAT1035,Category 1035
1036,CAT1036,Category 1036
1037,CAT1037,Category 1037
1038,CAT1038,Category 1038
1039,CAT1039,Category 1039
1040,CAT1040,Category 1040
1041,CAT1041,Category 1041
1042,CAT1042,Category 1042
1043,CAT1043,Category 1043
1044,CAT1044,Category 1044
1045,CAT1045,Category 1045
1046,CAT1046,Category 1046
1047,CAT1047,Category 1047
1048,CAT1048,Category 1048
1049,CAT1049,Category 1049
1050,CAT1050,Category 1050
1051,CAT1051,Category 1051
1052,CAT1052,Category 1052
1053,CAT1053,Category 1053
1054,CAT1054,Category 1054
1055,CAT1055,Category 1055
1056,CAT1056,Category 1056
1057,CAT1057,Category 1057
1058,CAT1058,Category 1058
1059,CAT1059,Category 1059
1060,CAT1060,Category 1060
1061,CAT1061,Category 1061
1062,CAT1062,Category 1062
1063,CAT1063,Category 1063
1064,CAT1064,Category 1064
1065,CAT1065,Category 1065
1066,CAT1066,Category 1066
1067,CAT1067,Category 1067
1068,CAT1068,Category 1068
1069,CAT1069,Category 1069
1070,CAT1070,Category 1070
1071,CAT1071,Category 1071
1072,CAT1072,Category 1072
1073,CAT1073,Category 1073
1074,CAT1074,Category 1074
1075,CAT1075,Category 1075
1076,CAT1076,Category 1076
1077,CAT1077,Category 1077
1078,CAT1078,Category 1078
1079,CAT1079,Category 1079
1080,CAT1080,Category 1080
1081,CAT1081,Category 1081
1082,CAT1082,Category 1082
1083,CAT1083,Category 1083
1084,CAT1084,Category 1084
1085,CAT1085,Category 1085
1086,CAT1086,Category 1086
1087,CAT1087,Category 1087
1088,CAT1088,Category 1088
1089,CAT1089,Category 1089
1090,CAT1090,Category 1090
1091,CAT1091,Category 1091
1092,CAT1092,Category 1092
1093,CAT1093,Category 1093
1094,CAT1094,Category 1094
1095,CAT1095,Category 1095
1096,CAT1096,Category 1096
1097,CAT1097,Category 1097
1098,CAT1098,Category 1098
1099,CAT1099,Category 1099
1100,CAT1100,Category 1100
1101,CAT1101,Category 1101
1102,CAT1102,Category 1102
1103,CAT1103,Category 1103
1104,CAT1104,Category 1104
1105,CAT1105,Category 1105
1106,CAT1106,Category 1106
1107,CAT1107,Category 1107
1108,CAT1108,Category 1108
1109,CAT1109,Category 1109
1110,CAT1110,Category 1110
1111,CAT1111,Category 1111
1112,CAT1112,Category 1112
1113,CAT1113,Category 1113
1114,CAT1114,Category 1114
1115,CAT1115,Category 1115
1116,CAT1116,Category 1116
1117,CAT1117,Category 1117
1118,CAT1118,Category 1118
1119,CAT1119,Category 1119
1120,CAT1120,Category 1120
1121,CAT1121,Category 1121
1122,CAT1122,Category 1122
1123,CAT1123,Category 1123
1124,CAT1124,Category 1124
1125,CAT1125,Category 1125
1126,CAT1126,Category 1126
1127,CAT1127,Category 1127
1128,CAT1128,Category 1128
1129,CAT1129,Category 1129
1130,CAT1130,Category 1130
1131,CAT1131,Category 1131
1132,CAT1132,Category 1132
1133,CAT1133,Category 1133
1134,CAT1134,Category 1134
1135,CAT1135,Category 1135
1136,CAT1136,Category 1136
1137,CAT1137,Category 1137
1138,CAT1138,Category 1138
1139,CAT1139,Category 1139
1140,CAT1140,Category 1140
1141,CAT1141,Category 1141
1142,CAT1142,Category 1142
1143,CAT1143,Category 1143
1144,CAT1144,Category 1144
1145,CAT1145,Category 1145
1146,CAT1146,Category 1146
1147,CAT1147,Category 1147
1148,CAT1148,Category 1148
1149,CAT1149,Category 1149
1150,CAT1150,Category 1150
1151,CAT1151,Category 1151
1152,CAT1152,Category 1152
1153,CAT1153,Category 1153
1154,CAT1154,Category 1154
1155,CAT1155,Category 1155
1156,CAT1156,Category 1156
1157,CAT1157,Category 1157
1158,CAT1158,Category 1158
1159,CAT1159,Category 1159
1160,CAT1160,Category 1160
1161,CAT1161,Category 1161
1162,CAT1162,Category 1162
1163,CAT1163,Category 1163
1164,CAT1164,Category 1164
1165,CAT1165,Category 1165
1166,CAT1166,Category 1166
1167,CAT1167,Category 1167
1168,CAT1168,Category 1168
1169,CAT1169,Category 1169
1170,CAT1170,Category 1170
1171,CAT1171,Category 1171
1172,CAT1172,Category 1172
1173,CAT1173,Category 1173
1174,CAT1174,Category 1174
1175,CAT1175,Category 1175
1176,CAT1176,Category 1176
1177,CAT1177,Category 1177
1178,CAT1178,Category 1178
1179,CAT1179,Category 1179
1180,CAT1180,Category 1180
1181,CAT1181,Category 1181
1182,CAT1182,Category 1182
1183,CAT1183,Category 1183
1184,CAT1184,Category 1184
1185,CAT1185,Category 1185
1186,CAT1186,Category 1186
1187,CAT1187,Category 1187
1188,CAT1188,Category 1188
1189,CAT1189,Category 1189
1190,CAT1190,Category 1190
1191,CAT1191,Category 1191
1192,CAT1192,Category 1192
1193,CAT1193,Category 1193
1194,CAT1194,Category 1194
1195,CAT1195,Category 1195
1196,CAT1196,Category 1196
1197,CAT1197,Category 1197
1198,CAT1198,Category 1198
1199,CAT1199,Category 1199
1200,CAT1200,Category 1200
1201,CAT1201,Category 1201
1202,CAT1202,Category 1202
1203,CAT1203,Category 1203
1204,CAT1204,Category 1204
1205,CAT1205,Category 1205
1206,CAT1206,Category 1206
1207,CAT1207,Category 1207
1208,CAT1208,Category 1208
1209,CAT1209,Category 1209
1210,CAT1210,Category 1210
1211,CAT1211,Category 1211
1212,CAT1212,Category 1212
1213,CAT1213,Category 1213
1214,CAT1214,Category 1214
1215,CAT1215,Category 1215
1216,CAT1216,Category 1216
1217,CAT1217,Category 1217
1218,CAT1218,Category 1218
1219,CAT1219,Category 1219
1220,CAT1220,Category 1220
1221,CAT1221,Category 1221
1222,CAT1222,Category 1222
1223,CAT1223,Category 1223
1224,CAT1224,Category 1224
1225,CAT1225,Category 1225
1226,CAT1226,Category 1226
1227,CAT1227,Category 1227
1228,CAT1228,Category 1228
1229,CAT1229,Category 1229
1230,CAT1230,Category 1230
1231,CAT1231,Category 1231
1232,CAT1232,Category 1232
1233,CAT1233,Category 1233
1234,CAT1234,Category 1234
1235,CAT1235,Category 1235
1236,CAT1236,Category 1236
1237,CAT1237,Category 1237
1238,CAT1238,Category 1238
1239,CAT1239,Category 1239
1240,CAT1240,Category 1240
1241,CAT1241,Category 1241
1242,CAT1242,Category 1242
1243,CAT1243,Category 1243
1244,CAT1244,Category 1244
1245,CAT1245,Category 1245
1246,CAT1246,Category 1246
1247,CAT1247,Category 1247
1248,CAT1248,Category 1248
1249,CAT1249,Category 1249
1250,CAT1250,Category 1250
1251,CAT1251,Category 1251
1252,CAT1252,Category 1252
1253,CAT1253,Category 1253
1254,CAT1254,Category 1254
1255,CAT1255,Category 1255
1256,CAT1256,Category 1256
1257,CAT1257,Category 1257
1258,CAT1258,Category 1258
1259,CAT1259,Category 1259
1260,CAT1260,Category 1260
1261,CAT1261,Category 1261
1262,CAT1262,Category 1262
1263,CAT1263,Category 1263
1264,CAT1264,Category 1264
1265,CAT1265,Category 1265
1266,CAT1266,Category 1266
1267,CAT1267,Category 1267
1268,CAT1268,Category 1268
1269,CAT1269,Category 1269
1270,CAT1270,Category 1270
1271,CAT1271,Category 1271
1272,CAT1272,Category 1272
1273,CAT1273,Category 1273
1274,CAT1274,Category 1274
1275,CAT1275,Category 1275
1276,CAT1276,Category 1276
1277,CAT1277,Category 1277
1278,CAT1278,Category 1278
1279,CAT1279,Category 1279
1280,CAT1280,Category 1280
1281,CAT1281,Category 1281
1282,CAT1282,Category 1282
1283,CAT1283,Category 1283
1284,CAT1284,Category 1284
1285,CAT1285,Category 1285
1286,CAT1286,Category 1286
1287,CAT1287,Category 1287
1288,CAT1288,Category 1288
1289,CAT1289,Category 1289
1290,CAT1290,Category 1290
1291,CAT1291,Category 1291
1292,CAT1292,Category 1292
1293,CAT1293,Category 1293
1294,CAT1294,Category 1294
1295,CAT1295,Category 1295
1296,CAT1296,Category 1296
1297,CAT1297,Category 1297
1298,CAT1298,Category 1298
1299,CAT1299,Category 1299
1300,CAT1300,Category 1300
1301,CAT1301,Category 1301
1302,CAT1302,Category 1302
1303,CAT1303,Category 1303
1304,CAT1304,Category 1304
1305,CAT1305,Category 1305
1306,CAT1306,Category 1306
1307,CAT1307,Category 1307
1308,CAT1308,Category 1308
1309,CAT1309,Category 1309
1310,CAT1310,Category 1310
1311,CAT1311,Category 1311
1312,CAT1312,Category 1312
1313,CAT1313,Category 1313
1314,CAT1314,Category 1314
1315,CAT1315,Category 1315
1316,CAT1316,Category 1316
1317,CAT1317,Category 1317
1318,CAT1318,Category 1318
1319,CAT1319,Category 1319
1320,CAT1320,Category 1320
1321,CAT1321,Category 1321
1322,CAT1322,Category 1322
1323,CAT1323,Category 1323
1324,CAT1324,Category 1324
1325,CAT1325,Category 1325
1326,CAT1326,Category 1326
1327,CAT1327,Category 1327
1328,CAT1328,Category 1328
1329,CAT1329,Category 1329
1330,CAT1330,Category 1330
1331,CAT1331,Category 1331
1332,CAT1332,Category 1332
1333,CAT1333,Category 1333
1334,CAT1334,Category 1334
1335,CAT1335,Category 1335
1336,CAT1336,Category 1336
1337,CAT1337,Category 1337
1338,CAT1338,Category 1338
1339,CAT1339,Category 1339
1340,CAT1340,Category 1340
1341,CAT1341,Category 1341
1342,CAT1342,Category 1342
1343,CAT1343,Category 1343
1344,CAT1344,Category 1344
1345,CAT1345,Category 1345
1346,CAT1346,Category 1346
1347,CAT1347,Category 1347
1348,CAT1348,Category 1348
1349,CAT1349,Category 1349
1350,CAT1350,Category 1350
1351,CAT1351,Category 1351
1352,CAT1352,Category 1352
1353,CAT1353,Category 1353
1354,CAT1354,Category 1354
1355,CAT1355,Category 1355
1356,CAT1356,Category 1356
1357,CAT1357,Category 1357
1358,CAT1358,Category 1358
1359,CAT1359,Category 1359
1360,CAT1360,Category 1360
1361,CAT1361,Category 1361
1362,CAT1362,Category 1362
1363,CAT1363,Category 1363
1364,CAT1364,Category 1364
1365,CAT1365,Category 1365
1366,CAT1366,Category 1366
1367,CAT1367,Category 1367
1368,CAT1368,Category 1368
1369,CAT1369,Category 1369
1370,CAT1370,Category 1370
1371,CAT1371,Category 1371
1372,CAT1372,Category 1372
1373,CAT1373,Category 1373
1374,CAT1374,Category 1374
1375,CAT1375,Category 1375
1376,CAT1376,Category 1376
1377,CAT1377,Category 1377
1378,CAT1378,Category 1378
1379,CAT1379,Category 1379
1380,CAT1380,Category 1380
1381,CAT1381,Category 1381
1382,CAT1382,Category 1382
1383,CAT1383,Category 1383
1384,CAT1384,Category 1384
1385,CAT1385,Category 1385
1386,CAT1386,Category 1386
1387,CAT1387,Category 1387
1388,CAT1388,Category 1388
1389,CAT1389,Category 1389
1390,CAT1390,Category 1390
1391,CAT1391,Category 1391
1392,CAT1392,Category 1392
1393,CAT1393,Category 1393
1394,CAT1394,Category 1394
1395,CAT1395,Category 1395
1396,CAT1396,Category 1396
1397,CAT1397,Category 1397
1398,CAT1398,Category 1398
1399,CAT1399,Category 1399
1400,CAT1400,Category 1400
1401,CAT1401,Category 1401
1402,CAT1402,Category 1402
1403,CAT1403,Category 1403
1404,CAT1404,Category 1404
1405,CAT1405,Category 1405
1406,CAT1406,Category 1406
1407,CAT1407,Category 1407
1408,CAT1408,Category 1408
1409,CAT1409,Category 1409
1410,CAT1410,Category 1410
1411,CAT1411,Category 1411
1412,CAT1412,Category 1412
1413,CAT1413,Category 1413
1414,CAT1414,Category 1414
1415,CAT1415,Category 1415
1416,CAT1416,Category 1416
1417,CAT1417,Category 1417
1418,CAT1418,Category 1418
1419,CAT1419,Category 1419
1420,CAT1420,Category 1420
1421,CAT1421,Category 1421
1422,CAT1422,Category 1422
1423,CAT1423,Category 1423
1424,CAT1424,Category 1424
1425,CAT1425,Category 1425
1426,CAT1426,Category 1426
1427,CAT1427,Category 1427
1428,CAT1428,Category 1428
1429,CAT1429,Category 1429
1430,CAT1430,Category 1430
1431,CAT1431,Category 1431
1432,CAT1432,Category 1432
1433,CAT1433,Category 1433
1434,CAT1434,Category 1434
1435,CAT1435,Category 1435
1436,CAT1436,Category 1436
1437,CAT1437,Category 1437
1438,CAT1438,Category 1438
1439,CAT1439,Category 1439
1440,CAT1440,Category 1440
1441,CAT1441,Category 1441
1442,CAT1442,Category 1442
1443,CAT1443,Category 1443
1444,CAT1444,Category 1444
1445,CAT1445,Category 1445
1446,CAT1446,Category 1446
1447,CAT1447,Category 1447
1448,CAT1448,Category 1448
1449,CAT1449,Category 1449
1450,CAT1450,Category 1450
1451,CAT1451,Category 1451
1452,CAT1452,Category 1452
1453,CAT1453,Category 1453
1454,CAT1454,Category 1454
1455,CAT1455,Category 1455
1456,CAT1456,Category 1456
1457,CAT1457,Category 1457
1458,CAT1458,Category 1458
1459,CAT1459,Category 1459
1460,CAT1460,Category 1460
1461,CAT1461,Category 1461
1462,CAT1462,Category 1462
1463,CAT1463,Category 1463
1464,CAT1464,Category 1464
1465,CAT1465,Category 1465
1466,CAT1466,Category 1466
1467,CAT1467,Category 1467
1468,CAT1468,Category 1468
1469,CAT1469,Category 1469
1470,CAT1470,Category 1470
1471,CAT1471,Category 1471
1472,CAT1472,Category 1472
1473,CAT1473,Category 1473
1474,CAT1474,Category 1474
1475,CAT1475,Category 1475
1476,CAT1476,Category 1476
1477,CAT1477,Category 1477
1478,CAT1478,Category 1478
1479,CAT1479,Category 1479
1480,CAT1480,Category 1480
1481,CAT1481,Category 1481
1482,CAT1482,Category 1482
1483,CAT1483,Category 1483
1484,CAT1484,Category 1484
1485,CAT1485,Category 1485
1486,CAT1486,Category 1486
1487,CAT1487,Category 1487
1488,CAT1488,Category 1488
1489,CAT1489,Category 1489
1490,CAT1490,Category 1490
1491,CAT1491,Category 1491
1492,CAT1492,Category 1492
1493,CAT1493,Category 1493
1494,CAT1494,Category 1494
1495,CAT1495,Category 1495
1496,CAT1496,Category 1496
1497,CAT1497,Category 1497
1498,CAT1498,Category 1498
1499,CAT1499,Category 1499
1500,CAT1500,Category 1500
1501,CAT1501,Category 1501
1502,CAT1502,Category 1502
1503,CAT1503,Category 1503
1504,CAT1504,Category 1504
1505,CAT1505,Category 1505
1506,CAT1506,Category 1506
1507,CAT1507,Category 1507
1508,CAT1508,Category 1508
1509,CAT1509,Category 1509
1510,CAT1510,Category 1510
1511,CAT1511,Category 1511
1512,CAT1512,Category 1512
1513,CAT1513,Category 1513
1514,CAT1514,Category 1514
1515,CAT1515,Category 1515
1516,CAT1516,Category 1516
1517,CAT1517,Category 1517
1518,CAT1518,Category 1518
1519,CAT1519,Category 1519
1520,CAT1520,Category 1520
1521,CAT1521,Category 1521
1522,CAT1522,Category 1522
1523,CAT1523,Category 1523
1524,CAT1524,Category 1524
1525,CAT1525,Category 1525
1526,CAT1526,Category 1526
1527,CAT1527,Category 1527
1528,CAT1528,Category 1528
1529,CAT1529,Category 1529
1530,CAT1530,Category 1530
1531,CAT1531,Category 1531
1532,CAT1532,Category 1532
1533,CAT1533,Category 1533
1534,CAT1534,Category 1534
1535,CAT1535,Category 1535
1536,CAT1536,Category 1536
1537,CAT1537,Category 1537
1538,CAT1538,Category 1538
1539,CAT1539,Category 1539
1540,CAT1540,Category 1540
1541,CAT1541,Category 1541
1542,CAT1542,Category 1542
1543,CAT1543,Category 1543
1544,CAT1544,Category 1544
1545,CAT1545,Category 1545
1546,CAT1546,Category 1546
1547,CAT1547,Category 1547
1548,CAT1548,Category 1548
1549,CAT1549,Category 1549
1550,CAT1550,Category 1550
1551,CAT1551,Category 1551
1552,CAT1552,Category 1552
1553,CAT1553,Category 1553
1554,CAT1554,Category 1554
1555,CAT1555,Category 1555
1556,CAT1556,Category 1556
1557,CAT1557,Category 1557
1558,CAT1558,Category 1558
1559,CAT1559,Category 1559
1560,CAT1560,Category 1560
1561,CAT1561,Category 1561
1562,CAT1562,Category 1562
1563,CAT1563,Category 1563
1564,CAT1564,Category 1564
1565,CAT1565,Category 1565
1566,CAT1566,Category 1566
1567,CAT1567,Category 1567
1568,CAT1568,Category 1568
1569,CAT1569,Category 1569
1570,CAT1570,Category 1570
1571,CAT1571,Category 1571
1572,CAT1572,Category 1572
1573,CAT1573,Category 1573
1574,CAT1574,Category 1574
1575,CAT1575,Category 1575
1576,CAT1576,Category 1576
1577,CAT1577,Category 1577
1578,CAT1578,Category 1578
1579,CAT1579,Category 1579
1580,CAT1580,Category 1580
1581,CAT1581,Category 1581
1582,CAT1582,Category 1582
1583,CAT1583,Category 1583
1584,CAT1584,Category 1584
1585,CAT1585,Category 1585
1586,CAT1586,Category 1586
1587,CAT1587,Category 1587
1588,CAT1588,Category 1588
1589,CAT1589,Category 1589
1590,CAT1590,Category 1590
1591,CAT1591,Category 1591
1592,CAT1592,Category 1592
1593,CAT1593,Category 1593
1594,CAT1594,Category 1594
1595,CAT1595,Category 1595
1596,CAT1596,Category 1596
1597,CAT1597,Category 1597
1598,CAT1598,Category 1598
1599,CAT1599,Category 1599
1600,CAT1600,Category 1600
1601,CAT1601,Category 1601
1602,CAT1602,Category 1602
1603,CAT1603,Category 1603
1604,CAT1604,Category 1604
1605,CAT1605,Category 1605
1606,CAT1606,Category 1606
1607,CAT1607,Category 1607
1608,CAT1608,Category 1608
1609,CAT1609,Category 1609
1610,CAT1610,Category 1610
1611,CAT1611,Category 1611
1612,CAT1612,Category 1612
1613,CAT1613,Category 1613
1614,CAT1614,Category 1614
1615,CAT1615,Category 1615
1616,CAT1616,Category 1616
1617,CAT1617,Category 1617
1618,CAT1618,Category 1618
1619,CAT1619,Category 1619
1620,CAT1620,Category 1620
1621,CAT1621,Category 1621
1622,CAT1622,Category 1622
1623,CAT1623,Category 1623
1624,CAT1624,Category 1624
1625,CAT1625,Category 1625
1626,CAT1626,Category 1626
1627,CAT1627,Category 1627
1628,CAT1628,Category 1628
1629,CAT1629,Category 1629
1630,CAT1630,Category 1630
1631,CAT1631,Category 1631
1632,CAT1632,Category 1632
1633,CAT1633,Category 1633
1634,CAT1634,Category 1634
1635,CAT1635,Category 1635
1636,CAT1636,Category 1636
1637,CAT1637,Category 1637
1638,CAT1638,Category 1638
1639,CAT1639,Category 1639
1640,CAT1640,Category 1640
1641,CAT1641,Category 1641
1642,CAT1642,Category 1642
1643,CAT1643,Category 1643
1644,CAT1644,Category 1644
1645,CAT1645,Category 1645
1646,CAT1646,Category 1646
1647,CAT1647,Category 1647
1648,CAT1648,Category 1648
1649,CAT1649,Category 1649
1650,CAT1650,Category 1650
1651,CAT1651,Category 1651
1652,CAT1652,Category 1652
1653,CAT1653,Category 1653
1654,CAT1654,Category 1654
1655,CAT1655,Category 1655
1656,CAT1656,Category 1656
1657,CAT1657,Category 1657
1658,CAT1658,Category 1658
1659,CAT1659,Category 1659
1660,CAT1660,Category 1660
1661,CAT1661,Category 1661
1662,CAT1662,Category 1662
1663,CAT1663,Category 1663
1664,CAT1664,Category 1664
1665,CAT1665,Category 1665
1666,CAT1666,Category 1666
1667,CAT1667,Category 1667
1668,CAT1668,Category 1668
1669,CAT1669,Category 1669
1670,CAT1670,Category 1670
1671,CAT1671,Category 1671
1672,CAT1672,Category 1672
1673,CAT1673,Category 1673
1674,CAT1674,Category 1674
1675,CAT1675,Category 1675
1676,CAT1676,Category 1676
1677,CAT1677,Category 1677
1678,CAT1678,Category 1678
1679,CAT1679,Category 1679
1680,CAT1680,Category 1680
1681,CAT1681,Category 1681
1682,CAT1682,Category 1682
1683,CAT1683,Category 1683
1684,CAT1684,Category 1684
1685,CAT1685,Category 1685
1686,CAT1686,Category 1686
1687,CAT1687,Category 1687
1688,CAT1688,Category 1688
1689,CAT1689,Category 1689
1690,CAT1690,Category 1690
1691,CAT1691,Category 1691
1692,CAT1692,Category 1692
1693,CAT1693,Category 1693
1694,CAT1694,Category 1694
1695,CAT1695,Category 1695
1696,CAT1696,Category 1696
1697,CAT1697,Category 1697
1698,CAT1698,Category 1698
1699,CAT1699,Category 1699
1700,CAT1700,Category 1700
1701,CAT1701,Category 1701
1702,CAT1702,Category 1702
1703,CAT1703,Category 1703
1704,CAT1704,Category 1704
1705,CAT1705,Category 1705
1706,CAT1706,Category 1706
1707,CAT1707,Category 1707
1708,CAT1708,Category 1708
1709,CAT1709,Category 1709
1710,CAT1710,Category 1710
1711,CAT1711,Category 1711
1712,CAT1712,Category 1712
1713,CAT1713,Category 1713
1714,CAT1714,Category 1714
1715,CAT1715,Category 1715
1716,CAT1716,Category 1716
1717,CAT1717,Category 1717
1718,CAT1718,Category 1718
1719,CAT1719,Category 1719
1720,CAT1720,Category 1720
1721,CAT1721,Category 1721
1722,CAT1722,Category 1722
1723,CAT1723,Category 1723
1724,CAT1724,Category 1724
1725,CAT1725,Category 1725
1726,CAT1726,Category 1726
1727,CAT1727,Category 1727
1728,CAT1728,Category 1728
1729,CAT1729,Category 1729
1730,CAT1730,Category 1730
1731,CAT1731,Category 1731
1732,CAT1732,Category 1732
1733,CAT1733,Category 1733
1734,CAT1734,Category 1734
1735,CAT1735,Category 1735
1736,CAT1736,Category 1736
1737,CAT1737,Category 1737
1738,CAT1738,Category 1738
1739,CAT1739,Category 1739
1740,CAT1740,Category 1740
1741,CAT1741,Category 1741
1742,CAT1742,Category 1742
1743,CAT1743,Category 1743
1744,CAT1744,Category 1744
1745,CAT1745,Category 1745
1746,CAT1746,Category 1746
1747,CAT1747,Category 1747
1748,CAT1748,Category 1748
1749,CAT1749,Category 1749
1750,CAT1750,Category 1750
1751,CAT1751,Category 1751
1752,CAT1752,Category 1752
1753,CAT1753,Category 1753
1754,CAT1754,Category 1754
1755,CAT1755,Category 1755
1756,CAT1756,Category 1756
1757,CAT1757,Category 1757
1758,CAT1758,Category 1758
1759,CAT1759,Category 1759
1760,CAT1760,Category 1760
1761,CAT1761,Category 1761
1762,CAT1762,Category 1762
1763,CAT1763,Category 1763
1764,CAT1764,Category 1764
1765,CAT1765,Category 1765
1766,CAT1766,Category 1766
1767,CAT1767,Category 1767
1768,CAT1768,Category 1768
1769,CAT1769,Category 1769
1770,CAT1770,Category 1770
1771,CAT1771,Category 1771
1772,CAT1772,Category 1772
1773,CAT1773,Category 1773
1774,CAT1774,Category 1774
1775,CAT1775,Category 1775
1776,CAT1776,Category 1776
1777,CAT1777,Category 1777
1778,CAT1778,Category 1778
1779,CAT1779,Category 1779
1780,CAT1780,Category 1780
1781,CAT1781,Category 1781
1782,CAT1782,Category 1782
1783,CAT1783,Category 1783
1784,CAT1784,Category 1784
1785,CAT1785,Category 1785
1786,CAT1786,Category 1786
1787,CAT1787,Category 1787
1788,CAT1788,Category 1788
1789,CAT1789,Category 1789
1790,CAT1790,Category 1790
1791,CAT1791,Category 1791
1792,CAT1792,Category 1792
1793,CAT1793,Category 1793
1794,CAT1794,Category 1794
1795,CAT1795,Category 1795
1796,CAT1796,Category 1796
1797,CAT1797,Category 1797
1798,CAT1798,Category 1798
1799,CAT1799,Category 1799
1800,CAT1800,Category 1800
1801,CAT1801,Category 1801
1802,CAT1802,Category 1802
1803,CAT1803,Category 1803
1804,CAT1804,Category 1804
1805,CAT1805,Category 1805
1806,CAT1806,Category 1806
1807,CAT1807,Category 1807
1808,CAT1808,Category 1808
1809,CAT1809,Category 1809
1810,CAT1810,Category 1810
1811,CAT1811,Category 1811
1812,CAT1812,Category 1812
1813,CAT1813,Category 1813
1814,CAT1814,Category 1814
1815,CAT1815,Category 1815
1816,CAT1816,Category 1816
1817,CAT1817,Category 1817
1818,CAT1818,Category 1818
1819,CAT1819,Category 1819
1820,CAT1820,Category 1820
1821,CAT1821,Category 1821
1822,CAT1822,Category 1822
1823,CAT1823,Category 1823
1824,CAT1824,Category 1824
1825,CAT1825,Category 1825
1826,CAT1826,Category 1826
1827,CAT1827,Category 1827
1828,CAT1828,Category 1828
1829,CAT1829,Category 1829
1830,CAT1830,Category 1830
1831,CAT1831,Category 1831
1832,CAT1832,Category 1832
1833,CAT1833,Category 1833
1834,CAT1834,Category 1834
1835,CAT1835,Category 1835
1836,CAT1836,Category 1836
1837,CAT1837,Category 1837
1838,CAT1838,Category 1838
1839,CAT1839,Category 1839
1840,CAT1840,Category 1840
1841,CAT1841,Category 1841
1842,CAT1842,Category 1842
1843,CAT1843,Category 1843
1844,CAT1844,Category 1844
1845,CAT1845,Category 1845
1846,CAT1846,Category 1846
1847,CAT1847,Category 1847
1848,CAT1848,Category 1848
1849,CAT1849,Category 1849
1850,CAT1850,Category 1850
1851,CAT1851,Category 1851
1852,CAT1852,Category 1852
1853,CAT1853,Category 1853
1854,CAT1854,Category 1854
1855,CAT1855,Category 1855
1856,CAT1856,Category 1856
1857,CAT1857,Category 1857
1858,CAT1858,Category 1858
1859,CAT1859,Category 1859
1860,CAT1860,Category 1860
1861,CAT1861,Category 1861
1862,CAT1862,Category 1862
1863,CAT1863,Category 1863
1864,CAT1864,Category 1864
1865,CAT1865,Category 1865
1866,CAT1866,Category 1866
1867,CAT1867,Category 1867
1868,CAT1868,Category 1868
1869,CAT1869,Category 1869
1870,CAT1870,Category 1870
1871,CAT1871,Category 1871
1872,CAT1872,Category 1872
1873,CAT1873,Category 1873
1874,CAT1874,Category 1874
1875,CAT1875,Category 1875
1876,CAT1876,Category 1876
1877,CAT1877,Category 1877
1878,CAT1878,Category 1878
1879,CAT1879,Category 1879
1880,CAT1880,Category 1880
1881,CAT1881,Category 1881
1882,CAT1882,Category 1882
1883,CAT1883,Category 1883
1884,CAT1884,Category 1884
1885,CAT1885,Category 1885
1886,CAT1886,Category 1886
1887,CAT1887,Category 1887
1888,CAT1888,Category 1888
1889,CAT1889,Category 1889
1890,CAT1890,Category 1890
1891,CAT1891,Category 1891
1892,CAT1892,Category 1892
1893,CAT1893,Category 1893
1894,CAT1894,Category 1894
1895,CAT1895,Category 1895
1896,CAT1896,Category 1896
1897,CAT1897,Category 1897
1898,CAT1898,Category 1898
1899,CAT1899,Category 1899
1900,CAT1900,Category 1900
1901,CAT1901,Category 1901
1902,CAT1902,Category 1902
1903,CAT1903,Category 1903
1904,CAT1904,Category 1904
1905,CAT1905,Category 1905
1906,CAT1906,Category 1906
1907,CAT1907,Category 1907
1908,CAT1908,Category 1908
1909,CAT1909,Category 1909
1910,CAT1910,Category 1910
1911,CAT1911,Category 1911
1912,CAT1912,Category 1912
1913,CAT1913,Category 1913
1914,CAT1914,Category 1914
1915,CAT1915,Category 1915
1916,CAT1916,Category 1916
1917,CAT1917,Category 1917
1918,CAT1918,Category 1918
1919,CAT1919,Category 1919
1920,CAT1920,Category 1920
1921,CAT1921,Category 1921
1922,CAT1922,Category 1922
1923,CAT1923,Category 1923
1924,CAT1924,Category 1924
1925,CAT1925,Category 1925
1926,CAT1926,Category 1926
1927,CAT1927,Category 1927
1928,CAT1928,Category 1928
1929,CAT1929,Category 1929
1930,CAT1930,Category 1930
1931,CAT1931,Category 1931
1932,CAT1932,Category 1932
1933,CAT1933,Category 1933
1934,CAT1934,Category 1934
1935,CAT1935,Category 1935
1936,CAT1936,Category 1936
1937,CAT1937,Category 1937
1938,CAT1938,Category 1938
1939,CAT1939,Category 1939
1940,CAT1940,Category 1940
1941,CAT1941,Category 1941
1942,CAT1942,Category 1942
1943,CAT1943,Category 1943
1944,CAT1944,Category 1944
1945,CAT1945,Category 1945
1946,CAT1946,Category 1946
1947,CAT1947,Category 1947
1948,CAT1948,Category 1948
1949,CAT1949,Category 1949
1950,CAT1950,Category 1950
1951,CAT1951,Category 1951
1952,CAT1952,Category 1952
1953,CAT1953,Category 1953
1954,CAT1954,Category 1954
1955,CAT1955,Category 1955
1956,CAT1956,Category 1956
1957,CAT1957,Category 1957
1958,CAT1958,Category 1958
1959,CAT1959,Category 1959
1960,CAT1960,Category 1960
1961,CAT1961,Category 1961
1962,CAT1962,Category 1962
1963,CAT1963,Category 1963
1964,CAT1964,Category 1964
1965,CAT1965,Category 1965
1966,CAT1966,Category 1966
1967,CAT1967,Category 1967
1968,CAT1968,Category 1968
1969,CAT1969,Category 1969
1970,CAT1970,Category 1970
1971,CAT1971,Category 1971
1972,CAT1972,Category 1972
1973,CAT1973,Category 1973
1974,CAT1974,Category 1974
1975,CAT1975,Category 1975
1976,CAT1976,Category 1976
1977,CAT1977,Category 1977
1978,CAT1978,Category 1978
1979,CAT1979,Category 1979
1980,CAT1980,Category 1980
1981,CAT1981,Category 1981
1982,CAT1982,Category 1982
1983,CAT1983,Category 1983
1984,CAT1984,Category 1984
1985,CAT1985,Category 1985
1986,CAT1986,Category 1986
1987,CAT1987,Category 1987
1988,CAT1988,Category 1988
1989,CAT1989,Category 1989
1990,CAT1990,Category 1990
1991,CAT1991,Category 1991
1992,CAT1992,Category 1992
1993,CAT1993,Category 1993
1994,CAT1994,Category 1994
1995,CAT1995,Category 1995
1996,CAT1996,Category 1996
1997,CAT1997,Category 1997
1998,CAT1998,Category 1998
1999,CAT1999,Category 1999
2000,CAT2000,Category 2000
